{"stats":{"minecraft:picked_up":{"immersive_aircraft:enhanced_propeller":7,"immersive_aircraft:biplane":5,"immersive_aircraft:nether_engine":7,"immersive_aircraft:sturdy_pipes":7,"immersive_aircraft:gyroscope":7,"immersive_aircraft:steel_boiler":7},"minecraft:used":{"create:copper_door":1,"create:brass_door":1,"minecraft:spyglass":4,"create:andesite_door":1,"minecraft:grass_block":8,"minecraft:oak_stairs":1,"immersive_aircraft:airship":2,"immersive_aircraft:gyrodyne":1,"create:train_door":1,"immersive_aircraft:biplane":7,"immersive_aircraft:warship":2},"minecraft:custom":{"minecraft:open_chest":1,"minecraft:time_since_rest":67328,"minecraft:waystone_activated":1,"minecraft:crouch_one_cm":70,"minecraft:play_time":67328,"minecraft:sprint_one_cm":2504,"minecraft:damage_taken":130,"minecraft:walk_one_cm":14988,"minecraft:sneak_time":979,"minecraft:walk_under_water_one_cm":4242,"minecraft:jump":59,"minecraft:damage_dealt":54,"minecraft:leave_game":1,"minecraft:time_since_death":67328,"minecraft:walk_on_water_one_cm":2334,"minecraft:total_world_time":67328,"minecraft:swim_one_cm":3829,"minecraft:fly_one_cm":166776,"minecraft:fall_one_cm":358}},"DataVersion":3465}