{"stats":{"minecraft:used":{"minecraft:dirt":4},"minecraft:picked_up":{"minecraft:oak_sapling":1,"minecraft:dirt":5},"minecraft:mined":{"minecraft:grass_block":1,"minecraft:oak_leaves":1,"minecraft:dirt":4},"minecraft:custom":{"minecraft:jump":121,"minecraft:time_since_rest":4585,"minecraft:leave_game":1,"minecraft:walk_on_water_one_cm":779,"minecraft:crouch_one_cm":279,"minecraft:sprint_one_cm":8117,"minecraft:play_time":4585,"minecraft:damage_taken":100,"minecraft:time_since_death":4585,"minecraft:walk_one_cm":1737,"minecraft:climb_one_cm":83,"minecraft:sneak_time":81,"minecraft:total_world_time":4585,"minecraft:walk_under_water_one_cm":963,"minecraft:swim_one_cm":7067,"minecraft:fall_one_cm":3954,"minecraft:fly_one_cm":18819}},"DataVersion":3465}