{
  "create:root": {
    "criteria": {
      "0": "2024-06-10 21:55:35 +0000"
    },
    "done": true
  },
  "minecraft:recipes/decorations/crafting_table": {
    "criteria": {
      "unlock_right_away": "2024-06-10 21:53:26 +0000"
    },
    "done": true
  },
  "minecraft:recipes/decorations/chest": {
    "criteria": {
      "has_lots_of_items": "2024-06-10 22:36:39 +0000"
    },
    "done": true
  },
  "minecraft:recipes/transportation/cherry_boat": {
    "criteria": {
      "in_water": "2024-06-10 21:56:24 +0000"
    },
    "done": true
  },
  "minecraft:recipes/transportation/bamboo_raft": {
    "criteria": {
      "in_water": "2024-06-10 21:56:24 +0000"
    },
    "done": true
  },
  "minecraft:recipes/transportation/spruce_boat": {
    "criteria": {
      "in_water": "2024-06-10 21:56:24 +0000"
    },
    "done": true
  },
  "minecraft:recipes/transportation/birch_boat": {
    "criteria": {
      "in_water": "2024-06-10 21:56:24 +0000"
    },
    "done": true
  },
  "minecraft:recipes/transportation/oak_boat": {
    "criteria": {
      "in_water": "2024-06-10 21:56:24 +0000"
    },
    "done": true
  },
  "minecraft:recipes/transportation/mangrove_boat": {
    "criteria": {
      "in_water": "2024-06-10 21:56:24 +0000"
    },
    "done": true
  },
  "minecraft:recipes/decorations/campfire": {
    "criteria": {
      "has_coal": "2024-06-10 21:57:20 +0000"
    },
    "done": true
  },
  "farmersdelight:main/root": {
    "criteria": {
      "seeds": "2024-06-10 21:55:35 +0000"
    },
    "done": true
  },
  "minecraft:recipes/transportation/acacia_boat": {
    "criteria": {
      "in_water": "2024-06-10 21:56:24 +0000"
    },
    "done": true
  },
  "minecraft:adventure/adventuring_time": {
    "criteria": {
      "minecraft:deep_ocean": "2024-06-10 22:24:37 +0000",
      "minecraft:beach": "2024-06-10 22:13:19 +0000",
      "minecraft:sparse_jungle": "2024-06-10 22:12:56 +0000",
      "minecraft:lukewarm_ocean": "2024-06-10 22:14:26 +0000",
      "minecraft:river": "2024-06-10 21:54:47 +0000",
      "minecraft:snowy_plains": "2024-06-10 21:53:27 +0000",
      "minecraft:snowy_taiga": "2024-06-10 21:54:05 +0000",
      "minecraft:forest": "2024-06-10 21:54:07 +0000",
      "minecraft:desert": "2024-06-10 21:54:20 +0000",
      "minecraft:ocean": "2024-06-10 22:22:59 +0000",
      "minecraft:warm_ocean": "2024-06-10 21:56:03 +0000",
      "minecraft:plains": "2024-06-10 22:25:49 +0000"
    },
    "done": false
  },
  "minecraft:recipes/transportation/jungle_boat": {
    "criteria": {
      "in_water": "2024-06-10 21:56:24 +0000"
    },
    "done": true
  },
  "minecraft:recipes/transportation/dark_oak_boat": {
    "criteria": {
      "in_water": "2024-06-10 21:56:24 +0000"
    },
    "done": true
  },
  "DataVersion": 3465
}