{
  "minecraft:recipes/decorations/crafting_table": {
    "criteria": {
      "unlock_right_away": "2024-06-10 22:51:58 +0000"
    },
    "done": true
  },
  "minecraft:adventure/adventuring_time": {
    "criteria": {
      "minecraft:beach": "2024-06-10 22:54:44 +0000",
      "minecraft:river": "2024-06-10 22:52:30 +0000",
      "minecraft:forest": "2024-06-10 22:51:59 +0000",
      "minecraft:desert": "2024-06-10 22:53:18 +0000",
      "minecraft:jungle": "2024-06-10 22:54:26 +0000"
    },
    "done": false
  },
  "DataVersion": 3465
}